Number,Name,Generation,About,Types/0,Types/1,Weight/Minimum,Weight/Maximum,Height/Minimum,Height/Maximum,Base Stamina,Base Attack,Base Defense,Base Flee Rate,MaxCP,MaxHP
1,Bulbasaur,Generation I,"Bulbasaur can be seen napping in bright sunlight. There is a seed on its back. By soaking up the sun's rays, the seed grows progressively larger.",Grass,Poison,6.04kg,7.76kg,0.61m,0.79m,90 stamina points.,118 attack points.,118 defense points.,10% chance to flee.,951,1071
2,Ivysaur,Generation I,"There is a bud on this Pokémon's back. To support its weight, Ivysaur's legs and trunk grow thick and strong. If it starts spending more time lying in the sunlight, it's a sign that the bud will bloom into a large flower soon.",Grass,Poison,11.38kg,14.63kg,0.88m,1.13m,120 stamina points.,151 attack points.,151 defense points.,7% chance to flee.,1483,1632
3,Venusaur,Generation I,There is a large flower on Venusaur's back. The flower is said to take on vivid colors if it gets plenty of nutrition and sunlight. The flower's aroma soothes the emotions of people.,Grass,Poison,87.5kg,112.5kg,1.75m,2.25m,160 stamina points.,198 attack points.,198 defense points.,5% chance to flee.,2392,2580
4,Charmander,Generation I,"The flame that burns at the tip of its tail is an indication of its emotions. The flame wavers when Charmander is enjoying itself. If the Pokémon becomes enraged, the flame burns fiercely.",Fire,,7.44kg,9.56kg,0.53m,0.68m,78 stamina points.,116 attack points.,96 defense points.,10% chance to flee.,841,955
5,Charmeleon,Generation I,"Charmeleon mercilessly destroys its foes using its sharp claws. If it encounters a strong foe, it turns aggressive. In this excited state, the flame at the tip of its tail flares with a bluish white color.",Fire,,16.63kg,21.38kg,0.96m,1.24m,116 stamina points.,158 attack points.,129 defense points.,7% chance to flee.,1411,1557
6,Charizard,Generation I,"Charizard flies around the sky in search of powerful opponents. It breathes fire of such great heat that it melts anything. However, it never turns its fiery breath on any opponent weaker than itself.",Fire,Flying,79.19kg,101.81kg,1.49m,1.91m,156 stamina points.,223 attack points.,176 defense points.,5% chance to flee.,2413,2602
7,Squirtle,Generation I,"Squirtle's shell is not merely used for protection. The shell's rounded shape and the grooves on its surface help minimize resistance in water, enabling this Pokémon to swim at high speeds.",Water,,7.88kg,10.13kg,0.44m,0.56m,88 stamina points.,94 attack points.,122 defense points.,10% chance to flee.,891,1008
8,Wartortle,Generation I,"Its tail is large and covered with a rich, thick fur. The tail becomes increasingly deeper in color as Wartortle ages. The scratches on its shell are evidence of this Pokémon's toughness as a battler.",Water,,19.69kg,25.31kg,0.88m,1.13m,118 stamina points.,126 attack points.,155 defense points.,7% chance to flee.,1435,1582
9,Blastoise,Generation I,Blastoise has water spouts that protrude from its shell. The water spouts are very accurate. They can shoot bullets of water with enough accuracy to strike empty cans from a distance of over 160 feet.,Water,,74.81kg,96.19kg,1.4m,1.8m,158 stamina points.,171 attack points.,210 defense points.,5% chance to flee.,2355,2542
10,Caterpie,Generation I,"Caterpie has a voracious appetite. It can devour leaves bigger than its body right before your eyes. From its antenna, this Pokémon releases a terrifically strong odor.",Bug,,2.54kg,3.26kg,0.26m,0.34m,90 stamina points.,55 attack points.,62 defense points.,20% chance to flee.,367,443
11,Metapod,Generation I,The shell covering this Pokémon’s body is as hard as an iron slab. Metapod does not move very much. It stays still because it is preparing its soft innards for evolution inside the hard shell.,Bug,,8.66kg,11.14kg,0.61m,0.79m,100 stamina points.,45 attack points.,94 defense points.,9% chance to flee.,397,477
12,Butterfree,Generation I,"Butterfree has a superior ability to search for delicious honey from flowers. It can even search out, extract, and carry honey from flowers that are blooming over six miles from its nest.",Bug,Flying,28kg,36kg,0.96m,1.24m,120 stamina points.,167 attack points.,151 defense points.,6% chance to flee.,1315,1454
13,Weedle,Generation I,Weedle has an extremely acute sense of smell. It is capable of distinguishing its favorite kinds of leaves from those it dislikes just by sniffing with its big red proboscis (nose).,Bug,Poison,2.8kg,3.6kg,0.26m,0.34m,80 stamina points.,63 attack points.,55 defense points.,20% chance to flee.,372,449
14,Kakuna,Generation I,"Kakuna remains virtually immobile as it clings to a tree. However, on the inside, it is extremely busy as it prepares for its coming evolution. This is evident from how hot the shell becomes to the touch.",Bug,Poison,8.75kg,11.25kg,0.53m,0.68m,90 stamina points.,46 attack points.,86 defense points.,9% chance to flee.,405,485
15,Beedrill,Generation I,"Beedrill is extremely territorial. No one should ever approach its nest—this is for their own safety. If angered, they will attack in a furious swarm.",Bug,Poison,25.81kg,33.19kg,0.88m,1.13m,130 stamina points.,169 attack points.,150 defense points.,6% chance to flee.,1301,1439
16,Pidgey,Generation I,"Pidgey has an extremely sharp sense of direction. It is capable of unerringly returning home to its nest, however far it may be removed from its familiar surroundings.",Normal,Flying,1.57kg,2.02kg,0.26m,0.34m,80 stamina points.,85 attack points.,76 defense points.,20% chance to flee.,585,679
17,Pidgeotto,Generation I,"Pidgeotto claims a large area as its own territory. This Pokémon flies around, patrolling its living space. If its territory is violated, it shows no mercy in thoroughly punishing the foe with its sharp claws.",Normal,Flying,26.25kg,33.75kg,0.96m,1.24m,126 stamina points.,117 attack points.,108 defense points.,9% chance to flee.,1096,1223
19,Rattata,Generation I,"Rattata is cautious in the extreme. Even while it is asleep, it constantly listens by moving its ears around. It is not picky about where it lives—it will make its nest anywhere.",Normal,,3.06kg,3.94kg,0.26m,0.34m,60 stamina points.,103 attack points.,70 defense points.,20% chance to flee.,493,581
20,Raticate,Generation I,"Raticate’s sturdy fangs grow steadily. To keep them ground down, it gnaws on rocks and logs. It may even chew on the walls of houses.",Normal,,16.19kg,20.81kg,0.61m,0.79m,110 stamina points.,161 attack points.,144 defense points.,7% chance to flee.,1304,1444
21,Spearow,Generation I,"Spearow has a very loud cry that can be heard over half a mile away. If its high, keening cry is heard echoing all around, it is a sign that they are warning each other of danger.",Normal,Flying,1.75kg,2.25kg,0.26m,0.34m,80 stamina points.,112 attack points.,61 defense points.,15% chance to flee.,591,686
22,Fearow,Generation I,Fearow is recognized by its long neck and elongated beak. They are conveniently shaped for catching prey in soil or water. It deftly moves its long and skinny beak to pluck prey.,Normal,Flying,33.25kg,42.75kg,1.05m,1.35m,130 stamina points.,182 attack points.,135 defense points.,7% chance to flee.,1592,1746
23,Ekans,Generation I,Ekans curls itself up in a spiral while it rests. Assuming this position allows it to quickly respond to a threat from any direction with a glare from its upraised head.,Poison,,6.04kg,7.76kg,1.75m,2.25m,70 stamina points.,110 attack points.,102 defense points.,15% chance to flee.,718,824
24,Arbok,Generation I,"This Pokémon is terrifically strong in order to constrict things with its body. It can even flatten steel oil drums. Once Arbok wraps its body around its foe, escaping its crunching embrace is impossible.",Poison,,56.88kg,73.13kg,3.06m,3.94m,120 stamina points.,167 attack points.,158 defense points.,7% chance to flee.,1611,1767
25,Pikachu,Generation I,"Whenever Pikachu comes across something new, it blasts it with a jolt of electricity. If you come across a blackened berry, it's evidence that this Pokémon mistook the intensity of its charge.",Electric,,5.25kg,6.75kg,0.35m,0.45m,70 stamina points.,112 attack points.,101 defense points.,10% chance to flee.,777,887
26,Raichu,Generation I,"If the electrical sacs become excessively charged, Raichu plants its tail in the ground and discharges. Scorched patches of ground will be found near this Pokémon's nest.",Electric,,26.25kg,33.75kg,0.7m,0.9m,120 stamina points.,193 attack points.,165 defense points.,6% chance to flee.,1859,2028
27,Sandshrew,Generation I,"Sandshrew's body is configured to absorb water without waste, enabling it to survive in an arid desert. This Pokémon curls up to protect itself from its enemies.",Ground,,10.5kg,13.5kg,0.53m,0.68m,100 stamina points.,126 attack points.,145 defense points.,10% chance to flee.,695,798
28,Sandslash,Generation I,"Sandslash's body is covered by tough spikes, which are hardened sections of its hide. Once a year, the old spikes fall out, to be replaced with new spikes that grow out from beneath the old ones.",Ground,,25.81kg,33.19kg,0.88m,1.13m,150 stamina points.,182 attack points.,202 defense points.,6% chance to flee.,1654,1810
29,Nidoran ♀,Generation I,"Nidoran♀ has barbs that secrete a powerful poison. They are thought to have developed as protection for this small-bodied Pokémon. When enraged, it releases a horrible toxin from its horn.",Poison,,6.13kg,7.88kg,0.35m,0.45m,110 stamina points.,86 attack points.,94 defense points.,15% chance to flee.,768,876
30,Nidorina,Generation I,"When Nidorina are with their friends or family, they keep their barbs tucked away to prevent hurting each other. This Pokémon appears to become nervous if separated from the others.",Poison,,17.5kg,22.5kg,0.7m,0.9m,140 stamina points.,117 attack points.,126 defense points.,7% chance to flee.,1267,1404
31,Nidoqueen,Generation I,Nidoqueen's body is encased in extremely hard scales. It is adept at sending foes flying with harsh tackles. This Pokémon is at its strongest when it is defending its young.,Poison,Ground,52.5kg,67.5kg,1.14m,1.46m,180 stamina points.,180 attack points.,174 defense points.,5% chance to flee.,2301,2485
32,Nidoran ♂,Generation I,"Nidoran♂ has developed muscles for moving its ears. Thanks to them, the ears can be freely moved in any direction. Even the slightest sound does not escape this Pokémon's notice.",Poison,,7.88kg,10.13kg,0.44m,0.56m,92 stamina points.,105 attack points.,76 defense points.,15% chance to flee.,737,843
33,Nidorino,Generation I,"Nidorino has a horn that is harder than a diamond. If it senses a hostile presence, all the barbs on its back bristle up at once, and it challenges the foe with all its might.",Poison,,17.06kg,21.94kg,0.79m,1.01m,122 stamina points.,137 attack points.,112 defense points.,7% chance to flee.,1236,1372
34,Nidoking,Generation I,"Nidoking's thick tail packs enormously destructive power. With one swing, it can topple a metal transmission tower. Once this Pokémon goes on a rampage, there is no stopping it.",Poison,Ground,54.25kg,69.75kg,1.22m,1.57m,162 stamina points.,204 attack points.,157 defense points.,5% chance to flee.,2291,2475
35,Clefairy,Generation I,"On every night of a full moon, groups of this Pokémon come out to play. When dawn arrives, the tired Clefairy return to their quiet mountain retreats and go to sleep nestled up against each other.",Fairy,,6.56kg,8.44kg,0.53m,0.68m,140 stamina points.,107 attack points.,116 defense points.,10% chance to flee.,1074,1200
36,Clefable,Generation I,"Clefable moves by skipping lightly as if it were flying using its wings. Its bouncy step even lets it walk on water. It is known to take strolls on lakes on quiet, moonlit nights.",Fairy,,35kg,45kg,1.14m,1.46m,190 stamina points.,178 attack points.,171 defense points.,6% chance to flee.,2217,2397
37,Vulpix,Generation I,"At the time of its birth, Vulpix has one white tail. The tail separates into six if this Pokémon receives plenty of love from its trainer. The six tails become magnificently curled.",Fire,,8.66kg,11.14kg,0.53m,0.68m,76 stamina points.,96 attack points.,122 defense points.,10% chance to flee.,725,831
38,Ninetales,Generation I,Ninetales casts a sinister light from its bright red eyes to gain total control over its foe's mind. This Pokémon is said to live for one thousand years.,Fire,,17.41kg,22.39kg,0.96m,1.24m,146 stamina points.,169 attack points.,204 defense points.,6% chance to flee.,2015,2188
39,Jigglypuff,Generation I,Jigglypuff's vocal cords can freely adjust the wavelength of its voice. This Pokémon uses this ability to sing at precisely the right wavelength to make its foes most drowsy.,Normal,Fairy,4.81kg,6.19kg,0.44m,0.56m,230 stamina points.,80 attack points.,44 defense points.,10% chance to flee.,796,917
40,Wigglytuff,Generation I,"Wigglytuff has large, saucerlike eyes. The surfaces of its eyes are always covered with a thin layer of tears. If any dust gets in this Pokémon's eyes, it is quickly washed away.",Normal,Fairy,10.5kg,13.5kg,0.88m,1.13m,280 stamina points.,156 attack points.,93 defense points.,6% chance to flee.,1997,2177
41,Zubat,Generation I,Zubat remains quietly unmoving in a dark spot during the bright daylight hours. It does so because prolonged exposure to the sun causes its body to become slightly burned.,Poison,Flying,6.56kg,8.44kg,0.7m,0.9m,80 stamina points.,83 attack points.,76 defense points.,20% chance to flee.,550,642
42,Golbat,Generation I,"Golbat loves to drink the blood of living things. It is particularly active in the pitch black of night. This Pokémon flits around in the night skies, seeking fresh blood.",Poison,Flying,48.13kg,61.88kg,1.4m,1.8m,150 stamina points.,161 attack points.,153 defense points.,7% chance to flee.,1760,1921
43,Oddish,Generation I,"During the daytime, Oddish buries itself in soil to absorb nutrients from the ground using its entire body. The more fertile the soil, the glossier its leaves become.",Grass,Poison,4.73kg,6.08kg,0.44m,0.56m,90 stamina points.,131 attack points.,116 defense points.,15% chance to flee.,1023,1148
44,Gloom,Generation I,"Gloom releases a foul fragrance from the pistil of its flower. When faced with danger, the stench worsens. If this Pokémon is feeling calm and secure, it does not release its usual stinky aroma.",Grass,Poison,7.53kg,9.68kg,0.7m,0.9m,120 stamina points.,153 attack points.,139 defense points.,7% chance to flee.,1537,1689
45,Vileplume,Generation I,"Vileplume's toxic pollen triggers atrocious allergy attacks. That's why it is advisable never to approach any attractive flowers in a jungle, however pretty they may be.",Grass,Poison,16.28kg,20.93kg,1.05m,1.35m,150 stamina points.,202 attack points.,170 defense points.,5% chance to flee.,2307,2492
46,Paras,Generation I,Paras has parasitic mushrooms growing on its back called tochukaso. They grow large by drawing nutrients from this Bug Pokémon host. They are highly valued as a medicine for extending life.,Bug,Grass,4.73kg,6.08kg,0.26m,0.34m,70 stamina points.,121 attack points.,99 defense points.,15% chance to flee.,804,916
47,Parasect,Generation I,"Parasect is known to infest large trees en masse and drain nutrients from the lower trunk and roots. When an infested tree dies, they move onto another tree all at once.",Bug,Grass,25.81kg,33.19kg,0.88m,1.13m,120 stamina points.,165 attack points.,146 defense points.,7% chance to flee.,1592,1747
48,Venonat,Generation I,"Venonat is said to have evolved with a coat of thin, stiff hair that covers its entire body for protection. It possesses large eyes that never fail to spot even miniscule prey.",Bug,Poison,26.25kg,33.75kg,0.88m,1.13m,120 stamina points.,100 attack points.,102 defense points.,15% chance to flee.,912,1029
49,Venomoth,Generation I,"Venomoth is nocturnal—it is a Pokémon that only becomes active at night. Its favorite prey are small insects that gather around streetlights, attracted by the light in the darkness.",Bug,Poison,10.94kg,14.06kg,1.31m,1.69m,140 stamina points.,179 attack points.,150 defense points.,7% chance to flee.,1730,1890
50,Diglett,Generation I,"Diglett are raised in most farms. The reason is simple—wherever this Pokémon burrows, the soil is left perfectly tilled for planting crops. This soil is made ideal for growing delicious vegetables.",Ground,,0.7kg,0.9kg,0.18m,0.23m,20 stamina points.,109 attack points.,88 defense points.,10% chance to flee.,365,456
51,Dugtrio,Generation I,"Dugtrio are actually triplets that emerged from one body. As a result, each triplet thinks exactly like the other two triplets. They work cooperatively to burrow endlessly.",Ground,,29.14kg,37.46kg,0.61m,0.79m,70 stamina points.,167 attack points.,147 defense points.,6% chance to flee.,1038,1168
52,Meowth,Generation I,"Meowth withdraws its sharp claws into its paws to slinkily sneak about without making any incriminating footsteps. For some reason, this Pokémon loves shiny coins that glitter with light.",Normal,,3.67kg,4.72kg,0.35m,0.45m,80 stamina points.,92 attack points.,81 defense points.,15% chance to flee.,656,756
53,Persian,Generation I,Persian has six bold whiskers that give it a look of toughness. The whiskers sense air movements to determine what is in the Pokémon's surrounding vicinity. It becomes docile if grabbed by the whiskers.,Normal,,28kg,36kg,0.88m,1.13m,130 stamina points.,150 attack points.,139 defense points.,7% chance to flee.,1483,1631
54,Psyduck,Generation I,"Psyduck uses a mysterious power. When it does so, this Pokémon generates brain waves that are supposedly only seen in sleepers. This discovery spurred controversy among scholars.",Water,,17.15kg,22.05kg,0.7m,0.9m,100 stamina points.,122 attack points.,96 defense points.,10% chance to flee.,987,1109
55,Golduck,Generation I,The webbed flippers on its forelegs and hind legs and the streamlined body of Golduck give it frightening speed. The Pokémon is definitely much faster than even the most athletic swimmer.,Water,,67.02kg,86.17kg,1.49m,1.91m,160 stamina points.,191 attack points.,163 defense points.,6% chance to flee.,2206,2386
56,Mankey,Generation I,"When Mankey starts shaking and its nasal breathing turns rough, it's a sure sign that it is becoming angry. However, because it goes into a towering rage almost instantly, it is impossible for anyone to flee its wrath.",Fighting,,24.5kg,31.5kg,0.44m,0.56m,80 stamina points.,148 attack points.,87 defense points.,10% chance to flee.,769,878
57,Primeape,Generation I,"When Primeape becomes furious, its blood circulation is boosted. In turn, its muscles are made even stronger. However, it also becomes much less intelligent at the same time.",Fighting,,28kg,36kg,0.88m,1.13m,130 stamina points.,207 attack points.,144 defense points.,6% chance to flee.,1704,1864
58,Growlithe,Generation I,"Growlithe has a superb sense of smell. Once it smells anything, this Pokémon won't forget the scent, no matter what. It uses its advanced olfactory sense to determine the emotions of other living things.",Fire,,16.63kg,21.38kg,0.61m,0.79m,110 stamina points.,136 attack points.,96 defense points.,10% chance to flee.,1199,1335
59,Arcanine,Generation I,"Arcanine is known for its high speed. It is said to be capable of running over 6,200 miles in a single day and night. The fire that blazes wildly within this Pokémon's body is its source of power.",Fire,,135.63kg,174.38kg,1.66m,2.14m,180 stamina points.,227 attack points.,166 defense points.,6% chance to flee.,2781,2983
60,Poliwag,Generation I,"Poliwag has a very thin skin. It is possible to see the Pokémon's spiral innards right through the skin. Despite its thinness, however, the skin is also very flexible. Even sharp fangs bounce right off it.",Water,,10.85kg,13.95kg,0.53m,0.68m,80 stamina points.,101 attack points.,82 defense points.,15% chance to flee.,693,795
61,Poliwhirl,Generation I,"The surface of Poliwhirl's body is always wet and slick with an oily fluid. Because of this greasy covering, it can easily slip and slide out of the clutches of any enemy in battle.",Water,,17.5kg,22.5kg,0.88m,1.13m,130 stamina points.,130 attack points.,130 defense points.,7% chance to flee.,1206,1340
62,Poliwrath,Generation I,"Poliwrath's highly developed, brawny muscles never grow fatigued, however much it exercises. It is so tirelessly strong, this Pokémon can swim back and forth across the ocean without effort.",Water,Fighting,47.25kg,60.75kg,1.14m,1.46m,180 stamina points.,182 attack points.,187 defense points.,5% chance to flee.,2321,2505
63,Abra,Generation I,"Abra sleeps for eighteen hours a day. However, it can sense the presence of foes even while it is sleeping. In such a situation, this Pokémon immediately teleports to safety.",Psychic,,17.06kg,21.94kg,0.79m,1.01m,50 stamina points.,195 attack points.,103 defense points.,99% chance to flee.,508,600
64,Kadabra,Generation I,Kadabra emits a peculiar alpha wave if it develops a headache. Only those people with a particularly strong psyche can hope to become a trainer of this Pokémon.,Psychic,,49.44kg,63.56kg,1.14m,1.46m,80 stamina points.,232 attack points.,138 defense points.,7% chance to flee.,1005,1131
65,Alakazam,Generation I,"Alakazam's brain continually grows, making its head far too heavy to support with its neck. This Pokémon holds its head up using its psychokinetic power instead.",Psychic,,42kg,54kg,1.31m,1.69m,110 stamina points.,271 attack points.,194 defense points.,5% chance to flee.,1654,1813
66,Machop,Generation I,Machop's muscles are special—they never get sore no matter how much they are used in exercise. This Pokémon has sufficient power to hurl a hundred adult humans.,Fighting,,17.06kg,21.94kg,0.7m,0.9m,140 stamina points.,137 attack points.,88 defense points.,10% chance to flee.,968,1089
67,Machoke,Generation I,"Machoke's thoroughly toned muscles possess the hardness of steel. This Pokémon has so much strength, it can easily hold aloft a sumo wrestler on just one finger.",Fighting,,61.69kg,79.31kg,1.31m,1.69m,160 stamina points.,177 attack points.,130 defense points.,7% chance to flee.,1606,1760
68,Machamp,Generation I,"Machamp has the power to hurl anything aside. However, trying to do any work requiring care and dexterity causes its arms to get tangled. This Pokémon tends to leap into action before it thinks.",Fighting,,113.75kg,146.25kg,1.4m,1.8m,180 stamina points.,234 attack points.,162 defense points.,5% chance to flee.,2406,2594
69,Bellsprout,Generation I,"Bellsprout's thin and flexible body lets it bend and sway to avoid any attack, however strong it may be. From its mouth, this Pokémon spits a corrosive fluid that melts even iron.",Grass,Poison,3.5kg,4.5kg,0.61m,0.79m,100 stamina points.,139 attack points.,64 defense points.,15% chance to flee.,990,1117
70,Weepinbell,Generation I,"Weepinbell has a large hook on its rear end. At night, the Pokémon hooks on to a tree branch and goes to sleep. If it moves around in its sleep, it may wake up to find itself on the ground.",Grass,Poison,5.6kg,7.2kg,0.88m,1.13m,130 stamina points.,172 attack points.,95 defense points.,7% chance to flee.,1567,1723
71,Victreebel,Generation I,"Victreebel has a long vine that extends from its head. This vine is waved and flicked about as if it were an animal to attract prey. When an unsuspecting prey draws near, this Pokémon swallows it whole.",Grass,Poison,13.56kg,17.44kg,1.49m,1.91m,160 stamina points.,207 attack points.,138 defense points.,5% chance to flee.,2342,2530
72,Tentacool,Generation I,"Tentacool's body is largely composed of water. If it is removed from the sea, it dries up like parchment. If this Pokémon happens to become dehydrated, put it back into the sea.",Water,Poison,39.81kg,51.19kg,0.79m,1.01m,80 stamina points.,97 attack points.,182 defense points.,15% chance to flee.,794,905
73,Tentacruel,Generation I,Tentacruel has large red orbs on its head. The orbs glow before lashing the vicinity with a harsh ultrasonic blast. This Pokémon's outburst creates rough waves around it.,Water,Poison,48.13kg,61.88kg,1.4m,1.8m,160 stamina points.,166 attack points.,237 defense points.,7% chance to flee.,2046,2220
74,Geodude,Generation I,"The longer a Geodude lives, the more its edges are chipped and worn away, making it more rounded in appearance. However, this Pokémon's heart will remain hard, craggy, and rough always.",Rock,Ground,17.5kg,22.5kg,0.35m,0.45m,80 stamina points.,132 attack points.,163 defense points.,10% chance to flee.,742,849
75,Graveler,Generation I,"Graveler grows by feeding on rocks. Apparently, it prefers to eat rocks that are covered in moss. This Pokémon eats its way through a ton of rocks on a daily basis.",Rock,Ground,91.88kg,118.13kg,0.88m,1.13m,110 stamina points.,164 attack points.,196 defense points.,7% chance to flee.,1294,1433
76,Golem,Generation I,"Golem live up on mountains. If there is a large earthquake, these Pokémon will come rolling down off the mountains en masse to the foothills below.",Rock,Ground,262.5kg,337.5kg,1.22m,1.57m,160 stamina points.,211 attack points.,229 defense points.,5% chance to flee.,2126,2303
77,Ponyta,Generation I,Ponyta is very weak at birth. It can barely stand up. This Pokémon becomes stronger by stumbling and falling to keep up with its parent.,Fire,,26.25kg,33.75kg,0.88m,1.13m,100 stamina points.,170 attack points.,132 defense points.,10% chance to flee.,1370,1516
78,Rapidash,Generation I,"Rapidash usually can be seen casually cantering in the fields and plains. However, when this Pokémon turns serious, its fiery manes flare and blaze as it gallops its way up to 150 mph.",Fire,,83.13kg,106.88kg,1.49m,1.91m,130 stamina points.,207 attack points.,167 defense points.,6% chance to flee.,2024,2199
79,Slowpoke,Generation I,"Slowpoke uses its tail to catch prey by dipping it in water at the side of a river. However, this Pokémon often forgets what it's doing and often spends entire days just loafing at water's edge.",Water,Psychic,31.5kg,40.5kg,1.05m,1.35m,180 stamina points.,109 attack points.,109 defense points.,10% chance to flee.,1089,1218
80,Slowbro,Generation I,"Slowbro's tail has a Shellder firmly attached with a bite. As a result, the tail can't be used for fishing anymore. This causes Slowbro to grudgingly swim and catch prey instead.",Water,Psychic,68.69kg,88.31kg,1.4m,1.8m,190 stamina points.,177 attack points.,194 defense points.,6% chance to flee.,2409,2597
81,Magnemite,Generation I,"Magnemite attaches itself to power lines to feed on electricity. If your house has a power outage, check your circuit breakers. You may find a large number of this Pokémon clinging to the breaker box.",Electric,Steel,5.25kg,6.75kg,0.26m,0.34m,50 stamina points.,165 attack points.,128 defense points.,10% chance to flee.,774,890
82,Magneton,Generation I,"Magneton emits a powerful magnetic force that is fatal to mechanical devices. As a result, large cities sound sirens to warn citizens of large-scale outbreaks of this Pokémon.",Electric,Steel,52.5kg,67.5kg,0.88m,1.13m,100 stamina points.,223 attack points.,182 defense points.,6% chance to flee.,1715,1879
83,Farfetchd,Generation I,"Farfetch'd is always seen with a stalk from a plant of some sort. Apparently, there are good stalks and bad stalks. This Pokémon has been known to fight with others over stalks.",Normal,Flying,13.13kg,16.88kg,0.7m,0.9m,104 stamina points.,124 attack points.,118 defense points.,9% chance to flee.,1133,1263
84,Doduo,Generation I,"Doduo's two heads never sleep at the same time. Its two heads take turns sleeping, so one head can always keep watch for enemies while the other one sleeps.",Normal,Flying,34.3kg,44.1kg,1.22m,1.57m,70 stamina points.,158 attack points.,88 defense points.,10% chance to flee.,746,855
85,Dodrio,Generation I,Watch out if Dodrio's three heads are looking in three separate directions. It's a sure sign that it is on its guard. Don't go near this Pokémon if it's being wary-it may decide to peck you.,Normal,Flying,74.55kg,95.85kg,1.57m,2.02m,120 stamina points.,218 attack points.,145 defense points.,6% chance to flee.,1677,1836
86,Seel,Generation I,"Seel hunts for prey in the frigid sea underneath sheets of ice. When it needs to breathe, it punches a hole through the ice with the sharply protruding section of its head.",Water,,78.75kg,101.25kg,0.96m,1.24m,130 stamina points.,85 attack points.,128 defense points.,9% chance to flee.,985,1107
87,Dewgong,Generation I,Dewgong loves to snooze on bitterly cold ice. The sight of this Pokémon sleeping on a glacier was mistakenly thought to be a mermaid by a mariner long ago.,Water,Ice,105kg,135kg,1.49m,1.91m,180 stamina points.,139 attack points.,184 defense points.,6% chance to flee.,1975,2145
88,Grimer,Generation I,"Grimer's sludgy and rubbery body can be forced through any opening, however small it may be. This Pokémon enters sewer pipes to drink filthy wastewater.",Poison,,26.25kg,33.75kg,0.79m,1.01m,160 stamina points.,135 attack points.,90 defense points.,10% chance to flee.,1152,1284
89,Muk,Generation I,From Muk's body seeps a foul fluid that gives off a nose-bendingly horrible stench. Just one drop of this Pokémon's body fluid can turn a pool stagnant and rancid.,Poison,,26.25kg,33.75kg,1.05m,1.35m,210 stamina points.,190 attack points.,184 defense points.,6% chance to flee.,2414,2602
90,Shellder,Generation I,"At night, this Pokémon uses its broad tongue to burrow a hole in the seafloor sand and then sleep in it. While it is sleeping, Shellder closes its shell, but leaves its tongue hanging out.",Water,,3.5kg,4.5kg,0.26m,0.34m,60 stamina points.,116 attack points.,168 defense points.,10% chance to flee.,715,822
91,Cloyster,Generation I,"Cloyster is capable of swimming in the sea. It does so by swallowing water, then jetting it out toward the rear. This Pokémon shoots spikes from its shell using the same system.",Water,Ice,115.94kg,149.06kg,1.31m,1.69m,100 stamina points.,186 attack points.,323 defense points.,6% chance to flee.,1879,2052
92,Gastly,Generation I,"Gastly is largely composed of gaseous matter. When exposed to a strong wind, the gaseous body quickly dwindles away. Groups of this Pokémon cluster under the eaves of houses to escape the ravages of wind.",Ghost,Poison,0.09kg,0.11kg,1.14m,1.46m,60 stamina points.,186 attack points.,70 defense points.,10% chance to flee.,696,804
93,Haunter,Generation I,"Haunter is a dangerous Pokémon. If one beckons you while floating in darkness, you must never approach it. This Pokémon will try to lick you with its tongue and steal your life away.",Ghost,Poison,0.09kg,0.11kg,1.4m,1.8m,90 stamina points.,223 attack points.,112 defense points.,7% chance to flee.,1240,1380
94,Gengar,Generation I,"Sometimes, on a dark night, your shadow thrown by a streetlight will suddenly and startlingly overtake you. It is actually a Gengar running past you, pretending to be your shadow.",Ghost,Poison,35.44kg,45.56kg,1.31m,1.69m,120 stamina points.,261 attack points.,156 defense points.,5% chance to flee.,1907,2078
95,Onix,Generation I,"Onix has a magnet in its brain. It acts as a compass so that this Pokémon does not lose direction while it is tunneling. As it grows older, its body becomes increasingly rounder and smoother.",Rock,Ground,183.75kg,236.25kg,7.7m,9.9m,70 stamina points.,85 attack points.,288 defense points.,9% chance to flee.,745,857
96,Drowzee,Generation I,"If your nose becomes itchy while you are sleeping, it's a sure sign that one of these Pokémon is standing above your pillow and trying to eat you dream through your nostrils.",Psychic,,28.35kg,36.45kg,0.88m,1.13m,120 stamina points.,89 attack points.,158 defense points.,10% chance to flee.,955,1075
97,Hypno,Generation I,"Hypno holds a pendulum in its hand. The arcing movement and glitter of the pendulum lull the foe into a deep state of hypnosis. While this Pokémon searches for prey, it polishes the pendulum.",Psychic,,66.15kg,85.05kg,1.4m,1.8m,170 stamina points.,144 attack points.,215 defense points.,6% chance to flee.,2012,2184
98,Krabby,Generation I,"Krabby live on beaches, burrowed inside holes dug into the sand. On sandy beaches with little in the way of food, these Pokémon can be seen squabbling with each other over territory.",Water,,5.69kg,7.31kg,0.35m,0.45m,60 stamina points.,181 attack points.,156 defense points.,15% chance to flee.,686,792
99,Kingler,Generation I,"Kingler has an enormous, oversized claw. It waves this huge claw in the air to communicate with others. However, because the claw is so heavy, the Pokémon quickly tires.",Water,,52.5kg,67.5kg,1.14m,1.46m,110 stamina points.,240 attack points.,214 defense points.,7% chance to flee.,1663,1823
100,Voltorb,Generation I,Voltorb was first sighted at a company that manufactures Poké Balls. The link between that sighting and the fact that this Pokémon looks very similar to a Poké Ball remains a mystery.,Electric,,9.1kg,11.7kg,0.44m,0.56m,80 stamina points.,109 attack points.,114 defense points.,10% chance to flee.,733,839
101,Electrode,Generation I,"Electrode eats electricity in the atmosphere. On days when lightning strikes, you can see this Pokémon exploding all over the place from eating too much electricity.",Electric,,58.27kg,74.92kg,1.05m,1.35m,120 stamina points.,173 attack points.,179 defense points.,6% chance to flee.,1496,1646
102,Exeggcute,Generation I,"This Pokémon consists of six eggs that form a closely knit cluster. The six eggs attract each other and spin around. When cracks increasingly appear on the eggs, Exeggcute is close to evolution.",Grass,Psychic,2.19kg,2.81kg,0.35m,0.45m,120 stamina points.,107 attack points.,140 defense points.,10% chance to flee.,978,1099
103,Exeggutor,Generation I,"Exeggutor originally came from the tropics. Its heads steadily grow larger from exposure to strong sunlight. It is said that when the heads fall off, they group together to form Exeggcute.",Grass,Psychic,105kg,135kg,1.75m,2.25m,190 stamina points.,233 attack points.,158 defense points.,6% chance to flee.,2752,2955
104,Cubone,Generation I,"Cubone pines for the mother it will never see again. Seeing a likeness of its mother in the full moon, it cries. The stains on the skull the Pokémon wears are made by the tears it sheds.",Ground,,5.69kg,7.31kg,0.35m,0.45m,100 stamina points.,90 attack points.,165 defense points.,10% chance to flee.,889,1006
105,Marowak,Generation I,Marowak is the evolved form of a Cubone that has overcome its sadness at the loss of its mother and grown tough. This Pokémon's tempered and hardened spirit is not easily broken.,Ground,,39.38kg,50.63kg,0.88m,1.13m,120 stamina points.,144 attack points.,200 defense points.,6% chance to flee.,1505,1656
106,Hitmonlee,Generation I,"Hitmonlee's legs freely contract and stretch. Using these springlike legs, it bowls over foes with devastating kicks. After battle, it rubs down its legs and loosens the muscles to overcome fatigue.",Fighting,,43.57kg,56.02kg,1.31m,1.69m,100 stamina points.,224 attack points.,211 defense points.,9% chance to flee.,1349,1492
107,Hitmonchan,Generation I,Hitmonchan is said to possess the spirit of a boxer who had been working toward a world championship. This Pokémon has an indomitable spirit and will never give up in the face of adversity.,Fighting,,43.93kg,56.48kg,1.22m,1.57m,100 stamina points.,193 attack points.,212 defense points.,9% chance to flee.,1370,1516
108,Lickitung,Generation I,"Whenever Lickitung comes across something new, it will unfailingly give it a lick. It does so because it memorizes things by texture and by taste. It is somewhat put off by sour things.",Normal,,57.31kg,73.69kg,1.05m,1.35m,180 stamina points.,108 attack points.,137 defense points.,9% chance to flee.,1477,1626
109,Koffing,Generation I,"If Koffing becomes agitated, it raises the toxicity of its internal gases and then jets them out from all over its body. This Pokémon may also overinflate its round body, then explode.",Poison,,0.88kg,1.13kg,0.53m,0.68m,80 stamina points.,119 attack points.,164 defense points.,10% chance to flee.,1025,1151
110,Weezing,Generation I,"Weezing loves the gases given off by rotted kitchen garbage. This Pokémon will find a dirty, unkempt house and make it its home. At night, when the people in the house are asleep, it will go through the trash.",Poison,,8.31kg,10.69kg,1.05m,1.35m,130 stamina points.,174 attack points.,221 defense points.,6% chance to flee.,2073,2250
111,Rhyhorn,Generation I,"Rhyhorn runs in a straight line, smashing everything in its path. It is not bothered even if it rushes headlong into a block of steel. This Pokémon may feel some pain from the collision the next day, however.",Ground,Rock,100.63kg,129.38kg,0.88m,1.13m,160 stamina points.,140 attack points.,157 defense points.,10% chance to flee.,1055,1182
112,Rhydon,Generation I,Rhydon's horn can crush even uncut diamonds. One sweeping blow of its tail can topple a building. This Pokémon's hide is extremely tough. Even direct cannon hits don't leave a scratch.,Ground,Rock,105kg,135kg,1.66m,2.14m,210 stamina points.,222 attack points.,206 defense points.,6% chance to flee.,2068,2243
113,Chansey,Generation I,"Chansey lays nutritionally excellent eggs on an everyday basis. The eggs are so delicious, they are easily and eagerly devoured by even those people who have lost their appetite.",Normal,,30.27kg,38.92kg,0.96m,1.24m,500 stamina points.,60 attack points.,176 defense points.,9% chance to flee.,549,675
114,Tangela,Generation I,"Tangela's vines snap off easily if they are grabbed. This happens without pain, allowing it to make a quick getaway. The lost vines are replaced by newly grown vines the very next day.",Grass,,30.63kg,39.38kg,0.88m,1.13m,130 stamina points.,183 attack points.,205 defense points.,9% chance to flee.,1586,1739
115,Kangaskhan,Generation I,"If you come across a young Kangaskhan playing by itself, you must never disturb it or attempt to catch it. The baby Pokémon's parent is sure to be in the area, and it will become violently enraged at you.",Normal,,70kg,90kg,1.93m,2.48m,210 stamina points.,181 attack points.,165 defense points.,9% chance to flee.,1875,2043
116,Horsea,Generation I,"Horsea eats small insects and moss off of rocks. If the ocean current turns fast, this Pokémon anchors itself by wrapping its tail around rocks or coral to prevent being washed away.",Water,,7kg,9kg,0.35m,0.45m,60 stamina points.,129 attack points.,125 defense points.,10% chance to flee.,688,794
117,Seadra,Generation I,Seadra sleeps after wriggling itself between the branches of coral. Those trying to harvest coral are occasionally stung by this Pokémon's poison barbs if they fail to notice it.,Water,,21.88kg,28.13kg,1.05m,1.35m,110 stamina points.,187 attack points.,182 defense points.,6% chance to flee.,1559,1713
118,Goldeen,Generation I,"Goldeen is a very beautiful Pokémon with fins that billow elegantly in water. However, don't let your guard down around this Pokémon—it could ram you powerfully with its horn.",Water,,13.13kg,16.88kg,0.53m,0.68m,90 stamina points.,123 attack points.,115 defense points.,15% chance to flee.,851,965
119,Seaking,Generation I,"In the autumn, Seaking males can be seen performing courtship dances in riverbeds to woo females. During this season, this Pokémon's body coloration is at its most beautiful.",Water,,34.13kg,43.88kg,1.14m,1.46m,160 stamina points.,175 attack points.,154 defense points.,7% chance to flee.,1877,2043
120,Staryu,Generation I,"Staryu's center section has an organ called the core that shines bright red. If you go to a beach toward the end of summer, the glowing cores of these Pokémon look like the stars in the sky.",Water,,30.19kg,38.81kg,0.7m,0.9m,60 stamina points.,137 attack points.,112 defense points.,15% chance to flee.,821,937
121,Starmie,Generation I,"Starmie's center section-the core-glows brightly in seven colors. Because of its luminous nature, this Pokémon has been given the nickname the gem of the sea.""""",Water,Psychic,70kg,90kg,0.96m,1.24m,120 stamina points.,210 attack points.,184 defense points.,6% chance to flee.,2007,2182
122,Mr Mime,Generation I,"Mr. Mime is a master of pantomime. Its gestures and motions convince watchers that something unseeable actually exists. Once the watchers are convinced, the unseeable thing exists as if it were real.",Psychic,Fairy,47.69kg,61.31kg,1.14m,1.46m,80 stamina points.,192 attack points.,233 defense points.,9% chance to flee.,1345,1494
123,Scyther,Generation I,"Scyther is blindingly fast. Its blazing speed enhances the effectiveness of the twin scythes on its forearms. This Pokémon's scythes are so effective, they can slice through thick logs in one wicked stroke.",Bug,Flying,49kg,63kg,1.31m,1.69m,140 stamina points.,218 attack points.,170 defense points.,9% chance to flee.,1905,2073
124,Jynx,Generation I,"Jynx walks rhythmically, swaying and shaking its hips as if it were dancing. Its motions are so bouncingly alluring, people seeing it are compelled to shake their hips without giving any thought to what they are doing.",Ice,Psychic,35.52kg,45.67kg,1.22m,1.57m,130 stamina points.,223 attack points.,182 defense points.,9% chance to flee.,1563,1716
125,Electabuzz,Generation I,"When a storm arrives, gangs of this Pokémon compete with each other to scale heights that are likely to be stricken by lightning bolts. Some towns use Electabuzz in place of lightning rods.",Electric,,26.25kg,33.75kg,0.96m,1.24m,130 stamina points.,198 attack points.,173 defense points.,9% chance to flee.,1947,2119
126,Magmar,Generation I,"In battle, Magmar blows out intensely hot flames from all over its body to intimidate its opponent. This Pokémon's fiery bursts create heat waves that ignite grass and trees in its surroundings.",Fire,,38.94kg,50.06kg,1.14m,1.46m,130 stamina points.,206 attack points.,169 defense points.,9% chance to flee.,2086,2265
127,Pinsir,Generation I,Pinsir is astoundingly strong. It can grip a foe weighing twice its weight in its horns and easily lift it. This Pokémon's movements turn sluggish in cold places.,Bug,,48.13kg,61.88kg,1.31m,1.69m,130 stamina points.,238 attack points.,197 defense points.,9% chance to flee.,1950,2121
128,Tauros,Generation I,"This Pokémon is not satisfied unless it is rampaging at all times. If there is no opponent for Tauros to battle, it will charge at thick trees and knock them down to calm itself.",Normal,,77.35kg,99.45kg,1.22m,1.57m,150 stamina points.,198 attack points.,197 defense points.,9% chance to flee.,1686,1844
129,Magikarp,Generation I,Magikarp is a pathetic excuse for a Pokémon that is only capable of flopping and splashing. This behavior prompted scientists to undertake research into it.,Water,,8.75kg,11.25kg,0.79m,1.01m,40 stamina points.,29 attack points.,102 defense points.,15% chance to flee.,203,262
130,Gyarados,Generation I,"When Magikarp evolves into Gyarados, its brain cells undergo a structural transformation. It is said that this transformation is to blame for this Pokémon's wildly violent nature.",Water,Flying,205.63kg,264.38kg,5.69m,7.31m,190 stamina points.,237 attack points.,197 defense points.,7% chance to flee.,2498,2688
131,Lapras,Generation I,"People have driven Lapras almost to the point of extinction. In the evenings, this Pokémon is said to sing plaintively as it seeks what few others of its kind still remain.",Water,Ice,192.5kg,247.5kg,2.19m,2.81m,260 stamina points.,186 attack points.,190 defense points.,9% chance to flee.,2777,2980
132,Ditto,Generation I,"Ditto rearranges its cell structure to transform itself into other shapes. However, if it tries to transform itself into something by relying on its memory, this Pokémon manages to get details wrong.",Normal,,3.5kg,4.5kg,0.26m,0.34m,96 stamina points.,91 attack points.,91 defense points.,10% chance to flee.,809,919
133,Eevee,Generation I,Eevee has an unstable genetic makeup that suddenly mutates due to the environment in which it lives. Radiation from various stones causes this Pokémon to evolve.,Normal,,5.69kg,7.31kg,0.26m,0.34m,110 stamina points.,104 attack points.,121 defense points.,10% chance to flee.,957,1077
134,Vaporeon,Generation I,Vaporeon underwent a spontaneous mutation and grew fins and gills that allow it to live underwater. This Pokémon has the ability to freely control water.,Water,,25.38kg,32.63kg,0.88m,1.13m,260 stamina points.,205 attack points.,177 defense points.,6% chance to flee.,2618,2816
135,Jolteon,Generation I,"Jolteon's cells generate a low level of electricity. This power is amplified by the static electricity of its fur, enabling the Pokémon to drop thunderbolts. The bristling fur is made of electrically charged needles.",Electric,,21.44kg,27.56kg,0.7m,0.9m,130 stamina points.,232 attack points.,201 defense points.,6% chance to flee.,1968,2140
136,Flareon,Generation I,"Flareon's fluffy fur has a functional purpose-it releases heat into the air so that its body does not get excessively hot. This Pokémon's body temperature can rise to a maximum of 1,650 degrees Fahrenheit.",Fire,,21.88kg,28.13kg,0.79m,1.01m,130 stamina points.,246 attack points.,204 defense points.,6% chance to flee.,2448,2643
137,Porygon,Generation I,Porygon is capable of reverting itself entirely back to program data and entering cyberspace. This Pokémon is copy-protected so it cannot be duplicated by copying.,Normal,,31.94kg,41.06kg,0.7m,0.9m,130 stamina points.,153 attack points.,139 defense points.,9% chance to flee.,1540,1691
138,Omanyte,Generation I,"Omanyte is one of the ancient and long-since-extinct Pokémon that have been regenerated from fossils by people. If attacked by an enemy, it withdraws itself inside its hard shell.",Rock,Water,6.56kg,8.44kg,0.35m,0.45m,70 stamina points.,155 attack points.,174 defense points.,9% chance to flee.,992,1119
140,Kabuto,Generation I,"Kabuto is a Pokémon that has been regenerated from a fossil. However, in extremely rare cases, living examples have been discovered. The Pokémon has not changed at all for 300 million years.",Rock,Water,10.06kg,12.94kg,0.44m,0.56m,60 stamina points.,148 attack points.,162 defense points.,9% chance to flee.,975,1104
141,Kabutops,Generation I,Kabutops swam underwater to hunt for its prey in ancient times. The Pokémon was apparently evolving from being a water-dweller to living on land as evident from the beginnings of change in its gills and legs.,Rock,Water,35.44kg,45.56kg,1.14m,1.46m,120 stamina points.,220 attack points.,203 defense points.,5% chance to flee.,1957,2130
142,Aerodactyl,Generation I,Aerodactyl is a Pokémon from the age of dinosaurs. It was regenerated from genetic material extracted from amber. It is imagined to have been the king of the skies in ancient times.,Rock,Flying,51.63kg,66.38kg,1.57m,2.02m,160 stamina points.,221 attack points.,164 defense points.,9% chance to flee.,1994,2165
143,Snorlax,Generation I,Snorlax's typical day consists of nothing more than eating and sleeping. It is such a docile Pokémon that there are children who use its expansive belly as a place to play.,Normal,,402.5kg,517.5kg,1.84m,2.36m,320 stamina points.,190 attack points.,190 defense points.,9% chance to flee.,2901,3112
144,Articuno,Generation I,"Articuno is a legendary bird Pokémon that can control ice. The flapping of its wings chills the air. As a result, it is said that when this Pokémon flies, snow will fall.",Ice,Flying,48.48kg,62.33kg,1.49m,1.91m,180 stamina points.,192 attack points.,249 defense points.,10% chance to flee.,2776,2978
145,Zapdos,Generation I,Zapdos is a legendary bird Pokémon that has the ability to control electricity. It usually lives in thunderclouds. The Pokémon gains power if it is stricken by lightning bolts.,Electric,Flying,46.02kg,59.17kg,1.4m,1.8m,180 stamina points.,253 attack points.,188 defense points.,10% chance to flee.,2907,3114
146,Moltres,Generation I,"Moltres is a legendary bird Pokémon that has the ability to control fire. If this Pokémon is injured, it is said to dip its body in the molten magma of a volcano to burn and heal itself.",Fire,Flying,52.5kg,67.5kg,1.75m,2.25m,180 stamina points.,251 attack points.,184 defense points.,10% chance to flee.,3028,3240
147,Dratini,Generation I,Dratini continually molts and sloughs off its old skin. It does so because the life energy within its body steadily builds to reach uncontrollable levels.,Dragon,,2.89kg,3.71kg,1.57m,2.02m,82 stamina points.,119 attack points.,94 defense points.,9% chance to flee.,867,983
148,Dragonair,Generation I,Dragonair stores an enormous amount of energy inside its body. It is said to alter weather conditions in its vicinity by discharging energy from its crystals on its neck and tail.,Dragon,,14.44kg,18.56kg,3.5m,4.5m,122 stamina points.,163 attack points.,138 defense points.,6% chance to flee.,1593,1747
149,Dragonite,Generation I,Dragonite is capable of circling the globe in just 16 hours. It is a kindhearted Pokémon that leads lost and foundering ships in a storm to the safety of land.,Dragon,Flying,183.75kg,236.25kg,1.93m,2.48m,182 stamina points.,263 attack points.,201 defense points.,5% chance to flee.,3280,3500
150,Mewtwo,Generation I,"Mewtwo is a Pokémon that was created by genetic manipulation. However, even though the scientific power of humans created this Pokémon's body, they failed to endow Mewtwo with a compassionate heart",Psychic,,106.75kg,137.25kg,1.75m,2.25m,212 stamina points.,330 attack points.,200 defense points.,10% chance to flee.,3904,4144
151,Mew,Generation I,"Mew is said to possess the genetic composition of all Pokémon. It is capable of making itself invisible at will, so it entirely avoids notice even if it approaches people.",Psychic,,3.5kg,4.5kg,0.35m,0.45m,200 stamina points.,210 attack points.,210 defense points.,10% chance to flee.,3087,3299
